Start date,End date,Mean,Min,Max
2023-12-30T00:00:00Z,2023-12-31T00:00:00Z,3.4623111111111093,2.043,4.796
2023-12-31T00:00:00Z,2024-01-01T00:00:00Z,3.5047472222222242,2.228,4.62
2024-01-01T00:00:00Z,2024-01-02T00:00:00Z,3.4853916666666693,2.422,4.207
2024-01-02T00:00:00Z,2024-01-03T00:00:00Z,3.487472222222221,2.656,4.204
2024-01-03T00:00:00Z,2024-01-04T00:00:00Z,3.4899972222222244,2.663,4.164
2024-01-04T00:00:00Z,2024-01-05T00:00:00Z,3.4376861111111134,2.289,4.45
2024-01-05T00:00:00Z,2024-01-06T00:00:00Z,3.4419277777777766,2.601,4.338
2024-01-06T00:00:00Z,2024-01-07T00:00:00Z,3.462152777777776,2.388,4.562
2024-01-07T00:00:00Z,2024-01-08T00:00:00Z,3.438266666666671,1.884,4.604
2024-01-08T00:00:00Z,2024-01-09T00:00:00Z,3.394686111111114,2.137,4.624
2024-01-09T00:00:00Z,2024-01-10T00:00:00Z,3.4393583333333337,1.975,4.677
2024-01-10T00:00:00Z,2024-01-11T00:00:00Z,3.434144444444443,1.925,4.805
2024-01-11T00:00:00Z,2024-01-12T00:00:00Z,3.4210916666666673,1.703,5.088
2024-01-12T00:00:00Z,2024-01-13T00:00:00Z,3.4248651685393217,1.705,4.855
2024-01-13T00:00:00Z,2024-01-14T00:00:00Z,3.398377777777778,1.996,4.75
2024-01-14T00:00:00Z,2024-01-15T00:00:00Z,3.3960277777777796,2.026,4.528
2024-01-15T00:00:00Z,2024-01-16T00:00:00Z,3.387283333333332,2.09,4.267
2024-01-16T00:00:00Z,2024-01-17T00:00:00Z,3.3753138888888885,2.28,4.115
2024-01-17T00:00:00Z,2024-01-18T00:00:00Z,3.3693888888888908,2.603,4.161
2024-01-18T00:00:00Z,2024-01-19T00:00:00Z,3.3629027777777796,2.716,4.256
2024-01-19T00:00:00Z,2024-01-20T00:00:00Z,3.3875250000000006,2.694,4.377
2024-01-20T00:00:00Z,2024-01-21T00:00:00Z,3.40986388888889,2.47,4.313
2024-01-21T00:00:00Z,2024-01-22T00:00:00Z,3.435661111111114,2.188,4.625
2024-01-22T00:00:00Z,2024-01-23T00:00:00Z,3.467041666666667,2.2,4.641
2024-01-23T00:00:00Z,2024-01-24T00:00:00Z,3.4800527777777814,2.041,4.63
2024-01-24T00:00:00Z,2024-01-25T00:00:00Z,3.496066666666668,2.158,4.728
2024-01-25T00:00:00Z,2024-01-26T00:00:00Z,3.479094444444441,2.168,4.667
2024-01-26T00:00:00Z,2024-01-27T00:00:00Z,3.4605480225988736,2.214,4.759
2024-01-27T00:00:00Z,2024-01-28T00:00:00Z,3.463027777777778,2.199,4.672
2024-01-28T00:00:00Z,2024-01-29T00:00:00Z,3.4616944444444466,2.382,4.427
2024-01-29T00:00:00Z,2024-01-30T00:00:00Z,3.4500472222222225,2.36,4.273
2024-01-30T00:00:00Z,2024-01-31T00:00:00Z,3.4539861111111105,2.54,4.127
2024-01-31T00:00:00Z,2024-02-01T00:00:00Z,3.467688888888888,2.687,4.14
2024-02-01T00:00:00Z,2024-02-02T00:00:00Z,3.474991666666664,2.858,4.165
2024-02-02T00:00:00Z,2024-02-03T00:00:00Z,3.4390111111111112,2.711,4.453
2024-02-03T00:00:00Z,2024-02-04T00:00:00Z,3.452297222222222,2.602,4.317
2024-02-04T00:00:00Z,2024-02-05T00:00:00Z,3.4290444444444454,2.582,4.281
2024-02-05T00:00:00Z,2024-02-06T00:00:00Z,3.4565777777777775,2.328,4.536
2024-02-06T00:00:00Z,2024-02-07T00:00:00Z,3.457819444444442,2.189,4.542
2024-02-07T00:00:00Z,2024-02-08T00:00:00Z,3.4415333333333353,1.918,4.642
2024-02-08T00:00:00Z,2024-02-09T00:00:00Z,3.4261055555555555,1.908,4.848
2024-02-09T00:00:00Z,2024-02-10T00:00:00Z,3.439840000000001,1.793,4.88
2024-02-10T00:00:00Z,2024-02-11T00:00:00Z,3.430216666666665,1.912,4.785
2024-02-11T00:00:00Z,2024-02-12T00:00:00Z,3.4053999999999967,1.885,4.666
2024-02-12T00:00:00Z,2024-02-13T00:00:00Z,3.4008055555555563,2.13,4.608
2024-02-13T00:00:00Z,2024-02-14T00:00:00Z,3.376766666666666,2.189,4.347
2024-02-14T00:00:00Z,2024-02-15T00:00:00Z,3.36117222222222,2.494,4.317
2024-02-15T00:00:00Z,2024-02-16T00:00:00Z,3.364325000000003,2.766,4.278
2024-02-16T00:00:00Z,2024-02-17T00:00:00Z,3.35241111111111,2.627,4.238
2024-02-17T00:00:00Z,2024-02-18T00:00:00Z,3.3448527777777803,2.48,4.217
2024-02-18T00:00:00Z,2024-02-19T00:00:00Z,3.3504222222222197,1.933,4.403
2024-02-19T00:00:00Z,2024-02-20T00:00:00Z,3.3699916666666683,2.221,4.386
2024-02-20T00:00:00Z,2024-02-21T00:00:00Z,3.397958333333333,1.844,4.745
2024-02-21T00:00:00Z,2024-02-22T00:00:00Z,3.3943416666666653,2.035,4.531
2024-02-22T00:00:00Z,2024-02-23T00:00:00Z,3.39655,2.213,4.491
2024-02-23T00:00:00Z,2024-02-24T00:00:00Z,3.3712664756446995,2.226,4.422
2024-02-24T00:00:00Z,2024-02-25T00:00:00Z,3.3819416666666666,2.267,4.519
2024-02-25T00:00:00Z,2024-02-26T00:00:00Z,3.383933333333334,2.365,4.36
2024-02-26T00:00:00Z,2024-02-27T00:00:00Z,3.3686555555555535,2.487,4.185
2024-02-27T00:00:00Z,2024-02-28T00:00:00Z,3.361406162464982,2.552,4.025
2024-02-28T00:00:00Z,2024-02-29T00:00:00Z,3.3692833333333323,2.694,4.123
2024-02-29T00:00:00Z,2024-03-01T00:00:00Z,3.387708333333334,2.698,4.289
2024-03-01T00:00:00Z,2024-03-02T00:00:00Z,3.3934388888888924,2.869,4.129
2024-03-02T00:00:00Z,2024-03-03T00:00:00Z,3.4037527777777767,2.656,4.192
2024-03-03T00:00:00Z,2024-03-04T00:00:00Z,3.3702527777777775,2.34,4.465
2024-03-04T00:00:00Z,2024-03-05T00:00:00Z,3.381388888888885,2.463,4.172
2024-03-05T00:00:00Z,2024-03-06T00:00:00Z,3.3736916666666636,2.274,4.228
2024-03-06T00:00:00Z,2024-03-07T00:00:00Z,3.3643472222222215,2.247,4.264
2024-03-07T00:00:00Z,2024-03-08T00:00:00Z,3.371863888888888,2.004,4.497
2024-03-08T00:00:00Z,2024-03-09T00:00:00Z,3.3471229050279336,1.914,4.653
2024-03-09T00:00:00Z,2024-03-10T00:00:00Z,3.355852777777776,2.009,4.599
2024-03-10T00:00:00Z,2024-03-11T00:00:00Z,3.3602944444444405,2.124,4.548
2024-03-11T00:00:00Z,2024-03-12T00:00:00Z,3.3463388888888876,2.164,4.38
2024-03-12T00:00:00Z,2024-03-13T00:00:00Z,3.3191194444444445,2.256,4.625
2024-03-13T00:00:00Z,2024-03-14T00:00:00Z,3.3160138888888904,2.295,4.667
2024-03-14T00:00:00Z,2024-03-15T00:00:00Z,3.3116944444444454,2.32,4.556
2024-03-15T00:00:00Z,2024-03-16T00:00:00Z,3.3326833333333337,2.49,4.35
2024-03-16T00:00:00Z,2024-03-17T00:00:00Z,3.3381749999999992,2.517,4.214
2024-03-17T00:00:00Z,2024-03-18T00:00:00Z,3.3348888888888912,2.519,4.11
2024-03-18T00:00:00Z,2024-03-19T00:00:00Z,3.3395,2.35,4.009
2024-03-19T00:00:00Z,2024-03-20T00:00:00Z,3.3462722222222228,2.346,4.062
2024-03-20T00:00:00Z,2024-03-21T00:00:00Z,3.34440833333333,2.31,4.116
2024-03-21T00:00:00Z,2024-03-22T00:00:00Z,3.346041666666667,2.35,4.164
2024-03-22T00:00:00Z,2024-03-23T00:00:00Z,3.339311111111113,2.381,4.203
2024-03-23T00:00:00Z,2024-03-24T00:00:00Z,3.3525333333333345,2.4,4.317
2024-03-24T00:00:00Z,2024-03-25T00:00:00Z,3.3108111111111094,2.196,4.214
2024-03-25T00:00:00Z,2024-03-26T00:00:00Z,3.293927777777776,2.185,4.276
2024-03-26T00:00:00Z,2024-03-27T00:00:00Z,3.3140777777777783,2.371,4.188
2024-03-27T00:00:00Z,2024-03-28T00:00:00Z,3.3033361111111126,2.535,4.125
2024-03-28T00:00:00Z,2024-03-29T00:00:00Z,3.3017472222222213,2.51,4.162
2024-03-29T00:00:00Z,2024-03-30T00:00:00Z,3.2872611111111105,2.449,4.155
2024-03-30T00:00:00Z,2024-03-31T00:00:00Z,3.2992388888888873,2.538,4.143
2024-03-31T00:00:00Z,2024-04-01T00:00:00Z,3.3193249999999983,2.311,4.228
2024-04-01T00:00:00Z,2024-04-02T00:00:00Z,3.32073611111111,2.536,4.214
2024-04-02T00:00:00Z,2024-04-03T00:00:00Z,3.3302333333333323,2.375,4.117
2024-04-03T00:00:00Z,2024-04-04T00:00:00Z,3.335486111111111,2.376,4.107
2024-04-04T00:00:00Z,2024-04-05T00:00:00Z,3.3284833333333337,2.265,4.15
2024-04-05T00:00:00Z,2024-04-06T00:00:00Z,3.3177966573816176,1.873,4.274
2024-04-06T00:00:00Z,2024-04-07T00:00:00Z,3.2982472222222206,2.038,4.446
2024-04-07T00:00:00Z,2024-04-08T00:00:00Z,3.2854861111111116,2.135,4.251
2024-04-08T00:00:00Z,2024-04-09T00:00:00Z,3.2773861111111113,2.215,4.317
2024-04-09T00:00:00Z,2024-04-10T00:00:00Z,3.2898972222222236,2.113,4.518
2024-04-10T00:00:00Z,2024-04-11T00:00:00Z,3.3161749999999985,2.159,4.606
2024-04-11T00:00:00Z,2024-04-12T00:00:00Z,3.313197222222226,2.258,4.488
2024-04-12T00:00:00Z,2024-04-13T00:00:00Z,3.3299694444444463,2.352,4.436
2024-04-13T00:00:00Z,2024-04-14T00:00:00Z,3.3544694444444456,2.472,4.275
2024-04-14T00:00:00Z,2024-04-15T00:00:00Z,3.351333333333332,2.489,4.114
2024-04-15T00:00:00Z,2024-04-16T00:00:00Z,3.349952777777778,2.416,4.033
2024-04-16T00:00:00Z,2024-04-17T00:00:00Z,3.341586111111113,2.528,3.836
2024-04-17T00:00:00Z,2024-04-18T00:00:00Z,3.3307083333333334,2.522,3.941
2024-04-18T00:00:00Z,2024-04-19T00:00:00Z,3.3245444444444456,2.51,3.902
2024-04-19T00:00:00Z,2024-04-20T00:00:00Z,3.3331033519553093,2.576,3.911
2024-04-20T00:00:00Z,2024-04-21T00:00:00Z,3.315466666666668,2.6,3.95
2024-04-21T00:00:00Z,2024-04-22T00:00:00Z,3.306866666666666,2.668,4.016
2024-04-22T00:00:00Z,2024-04-23T00:00:00Z,3.3076694444444446,2.482,4.089
2024-04-23T00:00:00Z,2024-04-24T00:00:00Z,3.316772222222224,2.31,4.268
2024-04-24T00:00:00Z,2024-04-25T00:00:00Z,3.3169777777777787,2.384,4.353
2024-04-25T00:00:00Z,2024-04-26T00:00:00Z,3.3023583333333324,2.353,4.28
2024-04-26T00:00:00Z,2024-04-27T00:00:00Z,3.307080555555558,2.303,4.32
2024-04-27T00:00:00Z,2024-04-28T00:00:00Z,3.299122222222222,2.003,4.434
2024-04-28T00:00:00Z,2024-04-29T00:00:00Z,3.312263888888888,2.338,4.256
2024-04-29T00:00:00Z,2024-04-30T00:00:00Z,3.3016611111111134,2.324,4.205
2024-04-30T00:00:00Z,2024-05-01T00:00:00Z,3.308841666666663,2.235,4.175
2024-05-01T00:00:00Z,2024-05-02T00:00:00Z,3.293700000000001,2.359,4.095
2024-05-02T00:00:00Z,2024-05-03T00:00:00Z,3.3095722222222195,2.324,4.062
2024-05-03T00:00:00Z,2024-05-04T00:00:00Z,3.308576601671308,2.28,3.993
2024-05-04T00:00:00Z,2024-05-05T00:00:00Z,3.31931111111111,2.427,4.145
2024-05-05T00:00:00Z,2024-05-06T00:00:00Z,3.343066666666666,2.166,4.269
2024-05-06T00:00:00Z,2024-05-07T00:00:00Z,3.349816666666665,2.286,4.572
2024-05-07T00:00:00Z,2024-05-08T00:00:00Z,3.343497222222221,1.91,4.556
2024-05-08T00:00:00Z,2024-05-09T00:00:00Z,3.3339555555555567,1.887,4.742
2024-05-09T00:00:00Z,2024-05-10T00:00:00Z,3.350027855153204,1.95,4.771
2024-05-10T00:00:00Z,2024-05-11T00:00:00Z,3.34276111111111,2.057,4.645
2024-05-11T00:00:00Z,2024-05-12T00:00:00Z,3.3367111111111094,2.197,4.436
2024-05-12T00:00:00Z,2024-05-13T00:00:00Z,3.339936111111112,2.355,4.265
2024-05-13T00:00:00Z,2024-05-14T00:00:00Z,3.3389749999999987,2.484,4.093
2024-05-14T00:00:00Z,2024-05-15T00:00:00Z,3.341955555555556,2.589,3.884
2024-05-15T00:00:00Z,2024-05-16T00:00:00Z,3.3435972222222214,2.625,3.818
2024-05-16T00:00:00Z,2024-05-17T00:00:00Z,3.3395611111111148,2.617,3.878
2024-05-17T00:00:00Z,2024-05-18T00:00:00Z,3.320916201117317,2.708,3.928
2024-05-18T00:00:00Z,2024-05-19T00:00:00Z,3.319911111111109,2.712,3.975
2024-05-19T00:00:00Z,2024-05-20T00:00:00Z,3.3319138888888875,2.695,4.105
2024-05-20T00:00:00Z,2024-05-21T00:00:00Z,3.323725,2.548,4.202
2024-05-21T00:00:00Z,2024-05-22T00:00:00Z,3.3036666666666634,2.362,4.276
2024-05-22T00:00:00Z,2024-05-23T00:00:00Z,3.291772222222218,2.257,4.363
2024-05-23T00:00:00Z,2024-05-24T00:00:00Z,3.2964277777777737,2.19,4.377
2024-05-24T00:00:00Z,2024-05-25T00:00:00Z,3.30257777777778,2.09,4.438
2024-05-25T00:00:00Z,2024-05-26T00:00:00Z,3.3166027777777747,2.151,4.437
2024-05-26T00:00:00Z,2024-05-27T00:00:00Z,3.314875000000001,2.22,4.424
2024-05-27T00:00:00Z,2024-05-28T00:00:00Z,3.310447222222224,2.281,4.287
2024-05-28T00:00:00Z,2024-05-29T00:00:00Z,3.310505555555557,2.332,4.194
2024-05-29T00:00:00Z,2024-05-30T00:00:00Z,3.312480555555556,2.363,4.055
2024-05-30T00:00:00Z,2024-05-31T00:00:00Z,3.3322499999999993,2.29,4.031
2024-05-31T00:00:00Z,2024-06-01T00:00:00Z,3.342961002785515,2.425,4.08
2024-06-01T00:00:00Z,2024-06-02T00:00:00Z,3.347427777777782,2.611,4.074
2024-06-02T00:00:00Z,2024-06-03T00:00:00Z,3.3513611111111112,2.647,4.229
2024-06-03T00:00:00Z,2024-06-04T00:00:00Z,3.3535638888888872,2.433,4.432
2024-06-04T00:00:00Z,2024-06-05T00:00:00Z,3.35952777777778,2.254,4.516
2024-06-05T00:00:00Z,2024-06-06T00:00:00Z,3.3700500000000013,2.082,4.599
2024-06-06T00:00:00Z,2024-06-07T00:00:00Z,3.385086111111111,1.945,4.791
2024-06-07T00:00:00Z,2024-06-08T00:00:00Z,3.3646472222222226,2.028,4.758
2024-06-08T00:00:00Z,2024-06-09T00:00:00Z,3.3851027777777785,2.068,4.56
2024-06-09T00:00:00Z,2024-06-10T00:00:00Z,3.3912083333333336,2.196,4.469
2024-06-10T00:00:00Z,2024-06-11T00:00:00Z,3.3723111111111104,2.246,4.322
2024-06-11T00:00:00Z,2024-06-12T00:00:00Z,3.3888138888888886,2.434,4.296
2024-06-12T00:00:00Z,2024-06-13T00:00:00Z,3.388436111111111,2.58,3.972
2024-06-13T00:00:00Z,2024-06-14T00:00:00Z,3.3781055555555524,2.694,3.884
2024-06-14T00:00:00Z,2024-06-15T00:00:00Z,3.3564066852367676,2.753,3.917
2024-06-15T00:00:00Z,2024-06-16T00:00:00Z,3.334016666666667,2.547,3.908
2024-06-16T00:00:00Z,2024-06-17T00:00:00Z,3.324369444444446,2.62,4.046
2024-06-17T00:00:00Z,2024-06-18T00:00:00Z,3.330880555555555,2.522,4.18
2024-06-18T00:00:00Z,2024-06-19T00:00:00Z,3.340316666666668,2.504,4.306
2024-06-19T00:00:00Z,2024-06-20T00:00:00Z,3.342875000000001,2.275,4.379
2024-06-20T00:00:00Z,2024-06-21T00:00:00Z,3.3434333333333313,2.27,4.411
2024-06-21T00:00:00Z,2024-06-22T00:00:00Z,3.344519444444441,2.136,4.445
2024-06-22T00:00:00Z,2024-06-23T00:00:00Z,3.3396972222222225,2.038,4.53
2024-06-23T00:00:00Z,2024-06-24T00:00:00Z,3.32787777777778,2.034,4.476
2024-06-24T00:00:00Z,2024-06-25T00:00:00Z,3.3422027777777807,2.171,4.449
2024-06-25T00:00:00Z,2024-06-26T00:00:00Z,3.3574694444444404,2.16,4.382
2024-06-26T00:00:00Z,2024-06-27T00:00:00Z,3.352908333333334,2.21,4.299
2024-06-27T00:00:00Z,2024-06-28T00:00:00Z,3.3572333333333355,2.286,4.04
2024-06-28T00:00:00Z,2024-06-29T00:00:00Z,3.3599637883008366,2.516,4.101
2024-06-29T00:00:00Z,2024-06-30T00:00:00Z,3.347636111111112,2.636,4.185
2024-06-30T00:00:00Z,2024-07-01T00:00:00Z,3.3273555555555565,2.719,4.174
2024-07-01T00:00:00Z,2024-07-02T00:00:00Z,3.3177666666666665,2.504,4.217
2024-07-02T00:00:00Z,2024-07-03T00:00:00Z,3.3374527777777763,2.257,4.38
2024-07-03T00:00:00Z,2024-07-04T00:00:00Z,3.352705555555555,2.054,4.554
2024-07-04T00:00:00Z,2024-07-05T00:00:00Z,3.389088888888886,2.053,4.575
2024-07-05T00:00:00Z,2024-07-06T00:00:00Z,3.386208333333334,2.064,4.61
2024-07-06T00:00:00Z,2024-07-07T00:00:00Z,3.4001944444444443,2.126,4.566
2024-07-07T00:00:00Z,2024-07-08T00:00:00Z,3.4057527777777796,2.198,4.562
2024-07-08T00:00:00Z,2024-07-09T00:00:00Z,3.4082416666666684,2.264,4.428
2024-07-09T00:00:00Z,2024-07-10T00:00:00Z,3.4212972222222207,2.418,4.317
2024-07-10T00:00:00Z,2024-07-11T00:00:00Z,3.426083333333333,2.571,4.185
2024-07-11T00:00:00Z,2024-07-12T00:00:00Z,3.4225972222222247,2.708,4.014
2024-07-12T00:00:00Z,2024-07-13T00:00:00Z,3.411028011204482,2.758,3.902
2024-07-13T00:00:00Z,2024-07-14T00:00:00Z,3.433019444444444,2.935,4.002
2024-07-14T00:00:00Z,2024-07-15T00:00:00Z,3.4429555555555553,3.135,4.055
2024-07-15T00:00:00Z,2024-07-16T00:00:00Z,3.4258444444444467,2.937,4.04
2024-07-16T00:00:00Z,2024-07-17T00:00:00Z,3.4047972222222214,2.763,4.085
2024-07-17T00:00:00Z,2024-07-18T00:00:00Z,3.388947222222222,2.556,4.248
2024-07-18T00:00:00Z,2024-07-19T00:00:00Z,3.3970527777777773,2.373,4.407
2024-07-19T00:00:00Z,2024-07-20T00:00:00Z,3.389694444444445,2.231,4.466
2024-07-20T00:00:00Z,2024-07-21T00:00:00Z,3.3816361111111095,2.114,4.589
2024-07-21T00:00:00Z,2024-07-22T00:00:00Z,3.3805055555555548,2.074,4.628
2024-07-22T00:00:00Z,2024-07-23T00:00:00Z,3.4153277777777764,1.885,4.801
2024-07-23T00:00:00Z,2024-07-24T00:00:00Z,3.4216972222222233,2.085,4.562
2024-07-24T00:00:00Z,2024-07-25T00:00:00Z,3.4266972222222245,2.24,4.546
2024-07-25T00:00:00Z,2024-07-26T00:00:00Z,3.4465166666666662,2.441,4.274
2024-07-26T00:00:00Z,2024-07-27T00:00:00Z,3.461368715083801,2.67,4.169
2024-07-27T00:00:00Z,2024-07-28T00:00:00Z,3.441972222222223,2.869,4.219
2024-07-28T00:00:00Z,2024-07-29T00:00:00Z,3.406872222222221,2.78,4.216
2024-07-29T00:00:00Z,2024-07-30T00:00:00Z,3.403869444444442,2.712,4.215
2024-07-30T00:00:00Z,2024-07-31T00:00:00Z,3.4031444444444454,2.566,4.286
2024-07-31T00:00:00Z,2024-08-01T00:00:00Z,3.4046499999999993,2.385,4.348
2024-08-01T00:00:00Z,2024-08-02T00:00:00Z,3.4169638888888874,2.278,4.442
2024-08-02T00:00:00Z,2024-08-03T00:00:00Z,3.413411111111112,2.28,4.466
2024-08-03T00:00:00Z,2024-08-04T00:00:00Z,3.422344444444443,2.274,4.525
2024-08-04T00:00:00Z,2024-08-05T00:00:00Z,3.418394444444444,2.197,4.518
2024-08-05T00:00:00Z,2024-08-06T00:00:00Z,3.422808333333333,2.337,4.47
2024-08-06T00:00:00Z,2024-08-07T00:00:00Z,3.4506888888888883,2.463,4.389
2024-08-07T00:00:00Z,2024-08-08T00:00:00Z,3.481477777777781,2.616,4.273
2024-08-08T00:00:00Z,2024-08-09T00:00:00Z,3.4941916666666675,2.754,4.114
2024-08-09T00:00:00Z,2024-08-10T00:00:00Z,3.491689944134077,2.829,4.05
2024-08-10T00:00:00Z,2024-08-11T00:00:00Z,3.4845555555555543,2.983,4.002
2024-08-11T00:00:00Z,2024-08-12T00:00:00Z,3.472508333333333,3.098,4.049
2024-08-12T00:00:00Z,2024-08-13T00:00:00Z,3.450758333333334,3.046,4.04
2024-08-13T00:00:00Z,2024-08-14T00:00:00Z,3.4458694444444506,2.897,4.118
2024-08-14T00:00:00Z,2024-08-15T00:00:00Z,3.399426426426426,2.783,4.104
2024-08-15T00:00:00Z,2024-08-16T00:00:00Z,3.426919444444442,2.616,4.197
2024-08-16T00:00:00Z,2024-08-17T00:00:00Z,3.4332416666666665,2.406,4.366
2024-08-17T00:00:00Z,2024-08-18T00:00:00Z,3.441122222222219,2.259,4.504
2024-08-18T00:00:00Z,2024-08-19T00:00:00Z,3.4386777777777757,2.191,4.616
2024-08-19T00:00:00Z,2024-08-20T00:00:00Z,3.441194444444448,2.164,4.671
2024-08-20T00:00:00Z,2024-08-21T00:00:00Z,3.4550083333333323,2.206,4.673
2024-08-21T00:00:00Z,2024-08-22T00:00:00Z,3.4874472222222224,2.316,4.568
2024-08-22T00:00:00Z,2024-08-23T00:00:00Z,3.5132305555555545,2.425,4.417
2024-08-23T00:00:00Z,2024-08-24T00:00:00Z,3.5071309192200535,2.693,4.445
2024-08-24T00:00:00Z,2024-08-25T00:00:00Z,3.490099999999999,2.798,4.37
2024-08-25T00:00:00Z,2024-08-26T00:00:00Z,3.4471444444444463,2.771,4.281
2024-08-26T00:00:00Z,2024-08-27T00:00:00Z,3.4356527777777766,2.764,4.2
2024-08-27T00:00:00Z,2024-08-28T00:00:00Z,3.414191666666667,2.682,4.225
2024-08-28T00:00:00Z,2024-08-29T00:00:00Z,3.4092777777777767,2.533,4.184
2024-08-29T00:00:00Z,2024-08-30T00:00:00Z,3.409747222222224,2.468,4.28
2024-08-30T00:00:00Z,2024-08-31T00:00:00Z,3.4103916666666674,2.362,4.345
2024-08-31T00:00:00Z,2024-09-01T00:00:00Z,3.4172388888888925,2.35,4.371
2024-09-01T00:00:00Z,2024-09-02T00:00:00Z,3.4384166666666696,2.397,4.427
2024-09-02T00:00:00Z,2024-09-03T00:00:00Z,3.447463888888891,2.446,4.407
2024-09-03T00:00:00Z,2024-09-04T00:00:00Z,3.449337078651686,2.55,4.364
2024-09-04T00:00:00Z,2024-09-05T00:00:00Z,3.4327166666666655,2.59,4.239
2024-09-05T00:00:00Z,2024-09-06T00:00:00Z,3.441108333333333,2.706,4.088
2024-09-06T00:00:00Z,2024-09-07T00:00:00Z,3.457533333333333,2.855,4.174
2024-09-07T00:00:00Z,2024-09-08T00:00:00Z,3.445366666666669,2.828,4.139
2024-09-08T00:00:00Z,2024-09-09T00:00:00Z,3.443572222222224,2.839,4.182
2024-09-09T00:00:00Z,2024-09-10T00:00:00Z,3.449061111111113,2.902,4.081
2024-09-10T00:00:00Z,2024-09-11T00:00:00Z,3.456030555555558,2.877,4.059
2024-09-11T00:00:00Z,2024-09-12T00:00:00Z,3.4308694444444447,2.837,4.044
2024-09-12T00:00:00Z,2024-09-13T00:00:00Z,3.416511111111112,2.601,4.151
2024-09-13T00:00:00Z,2024-09-14T00:00:00Z,3.39878813559322,2.505,4.174
2024-09-14T00:00:00Z,2024-09-15T00:00:00Z,3.3967944444444456,2.367,4.267
2024-09-15T00:00:00Z,2024-09-16T00:00:00Z,3.388008333333334,2.3,4.396
2024-09-16T00:00:00Z,2024-09-17T00:00:00Z,3.4051499999999977,2.244,4.488
2024-09-17T00:00:00Z,2024-09-18T00:00:00Z,3.419486111111112,2.18,4.616
2024-09-18T00:00:00Z,2024-09-19T00:00:00Z,3.438975000000002,2.292,4.521
2024-09-19T00:00:00Z,2024-09-20T00:00:00Z,3.471130555555555,2.467,4.466
2024-09-20T00:00:00Z,2024-09-21T00:00:00Z,3.4668083333333324,2.448,4.464
2024-09-21T00:00:00Z,2024-09-22T00:00:00Z,3.457872222222224,2.442,4.475
2024-09-22T00:00:00Z,2024-09-23T00:00:00Z,3.4438972222222217,2.519,4.39
2024-09-23T00:00:00Z,2024-09-24T00:00:00Z,3.395175000000002,2.568,4.194
2024-09-24T00:00:00Z,2024-09-25T00:00:00Z,3.372288888888891,2.571,4.053
2024-09-25T00:00:00Z,2024-09-26T00:00:00Z,3.356433333333332,2.539,4.016
2024-09-26T00:00:00Z,2024-09-27T00:00:00Z,3.3644722222222248,2.49,4.028
2024-09-27T00:00:00Z,2024-09-28T00:00:00Z,3.3496499999999996,2.44,4.105
2024-09-28T00:00:00Z,2024-09-29T00:00:00Z,3.362919444444444,2.359,4.185
2024-09-29T00:00:00Z,2024-09-30T00:00:00Z,3.3801611111111103,2.449,4.234
2024-09-30T00:00:00Z,2024-10-01T00:00:00Z,3.402958333333333,2.491,4.208
2024-10-01T00:00:00Z,2024-10-02T00:00:00Z,3.4132611111111144,2.531,4.19
2024-10-02T00:00:00Z,2024-10-03T00:00:00Z,3.4217722222222227,2.689,4.222
2024-10-03T00:00:00Z,2024-10-04T00:00:00Z,3.429388888888888,2.594,4.243
2024-10-04T00:00:00Z,2024-10-05T00:00:00Z,3.4617944444444446,2.557,4.32
2024-10-05T00:00:00Z,2024-10-06T00:00:00Z,3.4809833333333313,2.649,4.352
2024-10-06T00:00:00Z,2024-10-07T00:00:00Z,3.4917749999999987,2.621,4.276
2024-10-07T00:00:00Z,2024-10-08T00:00:00Z,3.4855583333333318,2.697,4.246
2024-10-08T00:00:00Z,2024-10-09T00:00:00Z,3.4542055555555553,2.745,4.137
2024-10-09T00:00:00Z,2024-10-10T00:00:00Z,3.441130555555557,2.757,4.128
2024-10-10T00:00:00Z,2024-10-11T00:00:00Z,3.434127777777778,2.718,4.043
2024-10-11T00:00:00Z,2024-10-12T00:00:00Z,3.424108333333333,2.682,4.09
2024-10-12T00:00:00Z,2024-10-13T00:00:00Z,3.400055555555554,2.553,4.073
2024-10-13T00:00:00Z,2024-10-14T00:00:00Z,3.383091666666668,2.43,4.142
2024-10-14T00:00:00Z,2024-10-15T00:00:00Z,3.387769444444444,2.327,4.416
2024-10-15T00:00:00Z,2024-10-16T00:00:00Z,3.412905555555559,2.37,4.37
2024-10-16T00:00:00Z,2024-10-17T00:00:00Z,3.4232862068965533,2.338,4.558
2024-10-17T00:00:00Z,2024-10-18T00:00:00Z,3.4540388888888858,2.257,4.651
2024-10-18T00:00:00Z,2024-10-19T00:00:00Z,3.4792416666666672,2.154,4.828
2024-10-19T00:00:00Z,2024-10-20T00:00:00Z,3.477736111111113,2.124,4.755
2024-10-20T00:00:00Z,2024-10-21T00:00:00Z,3.45802222222222,2.16,4.588
2024-10-21T00:00:00Z,2024-10-22T00:00:00Z,3.4131833333333317,2.344,4.345
2024-10-22T00:00:00Z,2024-10-23T00:00:00Z,3.3917361111111095,2.433,4.184
2024-10-23T00:00:00Z,2024-10-24T00:00:00Z,3.3974166666666665,2.517,4.078
2024-10-24T00:00:00Z,2024-10-25T00:00:00Z,3.374730555555556,2.551,3.915
2024-10-25T00:00:00Z,2024-10-26T00:00:00Z,3.3879222222222234,2.605,3.923
2024-10-26T00:00:00Z,2024-10-27T00:00:00Z,3.397319444444444,2.621,3.976
2024-10-27T00:00:00Z,2024-10-28T00:00:00Z,3.3977916666666634,2.669,4.192
2024-10-28T00:00:00Z,2024-10-29T00:00:00Z,3.4183277777777743,2.674,4.217
2024-10-29T00:00:00Z,2024-10-30T00:00:00Z,3.407816666666666,2.455,4.43
2024-10-30T00:00:00Z,2024-10-31T00:00:00Z,3.41004166666667,2.407,4.339
2024-10-31T00:00:00Z,2024-11-01T00:00:00Z,3.400616666666666,2.459,4.361
2024-11-01T00:00:00Z,2024-11-02T00:00:00Z,3.4048305555555545,2.355,4.344
2024-11-02T00:00:00Z,2024-11-03T00:00:00Z,3.4040111111111098,2.35,4.52
2024-11-03T00:00:00Z,2024-11-04T00:00:00Z,3.377108333333328,2.199,4.439
2024-11-04T00:00:00Z,2024-11-05T00:00:00Z,3.3817388888888855,2.309,4.391
2024-11-05T00:00:00Z,2024-11-06T00:00:00Z,3.3872416666666645,2.365,4.339
2024-11-06T00:00:00Z,2024-11-07T00:00:00Z,3.3796916666666643,2.452,4.278
2024-11-07T00:00:00Z,2024-11-08T00:00:00Z,3.3690361111111105,2.517,4.144
2024-11-08T00:00:00Z,2024-11-09T00:00:00Z,3.368711111111115,2.444,3.96
2024-11-09T00:00:00Z,2024-11-10T00:00:00Z,3.3551138888888903,2.55,3.968
2024-11-10T00:00:00Z,2024-11-11T00:00:00Z,3.3517083333333333,2.525,3.986
2024-11-11T00:00:00Z,2024-11-12T00:00:00Z,3.344344444444445,2.406,4.295
2024-11-12T00:00:00Z,2024-11-13T00:00:00Z,3.3588833333333343,2.507,4.473
2024-11-13T00:00:00Z,2024-11-14T00:00:00Z,3.374661111111111,2.261,4.757
2024-11-14T00:00:00Z,2024-11-15T00:00:00Z,3.402077777777777,2.038,4.738
2024-11-15T00:00:00Z,2024-11-16T00:00:00Z,3.4371138888888897,1.63,5.21
2024-11-16T00:00:00Z,2024-11-17T00:00:00Z,3.4409237288135595,1.955,5.071
2024-11-17T00:00:00Z,2024-11-18T00:00:00Z,3.4262888888888883,1.878,4.821
2024-11-18T00:00:00Z,2024-11-19T00:00:00Z,3.420980555555554,1.996,4.593
2024-11-19T00:00:00Z,2024-11-20T00:00:00Z,3.4082305555555568,2.162,4.559
2024-11-20T00:00:00Z,2024-11-21T00:00:00Z,3.3567444444444474,2.29,4.324
2024-11-21T00:00:00Z,2024-11-22T00:00:00Z,3.321555555555555,2.345,4.052
2024-11-22T00:00:00Z,2024-11-23T00:00:00Z,3.31016666666667,2.392,3.877
2024-11-23T00:00:00Z,2024-11-24T00:00:00Z,3.30516388888889,2.487,3.869
2024-11-24T00:00:00Z,2024-11-25T00:00:00Z,3.326969444444447,2.585,3.957
2024-11-25T00:00:00Z,2024-11-26T00:00:00Z,3.3524194444444415,2.715,4.076
2024-11-26T00:00:00Z,2024-11-27T00:00:00Z,3.4677027027027045,2.838,4.226
2024-11-27T00:00:00Z,2024-11-28T00:00:00Z,3.355620689655172,2.495,4.225
2024-11-28T00:00:00Z,2024-11-29T00:00:00Z,3.3698277777777763,2.413,4.317
2024-11-29T00:00:00Z,2024-11-30T00:00:00Z,3.371125,2.32,4.386
2024-11-30T00:00:00Z,2024-12-01T00:00:00Z,3.3821944444444454,2.282,4.413
2024-12-01T00:00:00Z,2024-12-02T00:00:00Z,3.409791666666663,2.273,4.45
2024-12-02T00:00:00Z,2024-12-03T00:00:00Z,3.4251388888888945,2.207,4.459
2024-12-03T00:00:00Z,2024-12-04T00:00:00Z,3.413774999999999,2.179,4.525
2024-12-04T00:00:00Z,2024-12-05T00:00:00Z,3.3982027777777755,2.181,4.449
2024-12-05T00:00:00Z,2024-12-06T00:00:00Z,3.3749444444444445,2.3,4.334
2024-12-06T00:00:00Z,2024-12-07T00:00:00Z,3.351247222222218,2.206,4.294
2024-12-07T00:00:00Z,2024-12-08T00:00:00Z,3.3369527777777805,2.411,4.076
2024-12-08T00:00:00Z,2024-12-09T00:00:00Z,3.327100558659218,2.271,4.075
2024-12-09T00:00:00Z,2024-12-10T00:00:00Z,3.334866666666666,2.604,4.101
2024-12-10T00:00:00Z,2024-12-11T00:00:00Z,3.3304666666666676,2.419,4.381
2024-12-11T00:00:00Z,2024-12-12T00:00:00Z,3.3557277777777768,2.398,4.458
2024-12-12T00:00:00Z,2024-12-13T00:00:00Z,3.3634805555555514,2.149,4.614
2024-12-13T00:00:00Z,2024-12-14T00:00:00Z,3.401538888888888,2.035,4.776
2024-12-14T00:00:00Z,2024-12-15T00:00:00Z,3.410808333333336,1.853,4.935
2024-12-15T00:00:00Z,2024-12-16T00:00:00Z,3.4189166666666697,1.638,4.893
2024-12-16T00:00:00Z,2024-12-17T00:00:00Z,3.36897777777778,1.853,4.714
2024-12-17T00:00:00Z,2024-12-18T00:00:00Z,3.370886111111112,1.777,4.549
2024-12-18T00:00:00Z,2024-12-19T00:00:00Z,3.3697130919220073,2.066,4.52
2024-12-19T00:00:00Z,2024-12-20T00:00:00Z,3.3685472222222215,1.963,4.26
2024-12-20T00:00:00Z,2024-12-21T00:00:00Z,3.364013888888893,2.369,4.121
2024-12-21T00:00:00Z,2024-12-22T00:00:00Z,3.339941340782124,2.433,3.908
2024-12-22T00:00:00Z,2024-12-23T00:00:00Z,3.320980555555559,2.603,4.195
2024-12-23T00:00:00Z,2024-12-24T00:00:00Z,3.294765676567656,2.5,4.248
2024-12-24T00:00:00Z,2024-12-25T00:00:00Z,3.306302777777779,2.533,4.341
2024-12-25T00:00:00Z,2024-12-26T00:00:00Z,3.3513750000000004,2.32,4.463
2024-12-26T00:00:00Z,2024-12-27T00:00:00Z,3.315702777777777,2.3,4.395
2024-12-27T00:00:00Z,2024-12-28T00:00:00Z,3.329213888888886,2.106,4.616
2024-12-28T00:00:00Z,2024-12-29T00:00:00Z,3.3507888888888875,1.96,4.583
2024-12-29T00:00:00Z,2024-12-30T00:00:00Z,3.3554333333333304,1.966,4.652
2024-12-30T00:00:00Z,2024-12-31T00:00:00Z,3.357397222222219,1.956,4.576
2024-12-31T00:00:00Z,2025-01-01T00:00:00Z,3.347952777777776,1.807,4.712
2025-01-01T00:00:00Z,2025-01-02T00:00:00Z,3.3534999999999973,1.939,4.566
2025-01-02T00:00:00Z,2025-01-03T00:00:00Z,3.353619444444439,2.054,4.511
2025-01-03T00:00:00Z,2025-01-04T00:00:00Z,3.345999999999999,2.076,4.473
2025-01-04T00:00:00Z,2025-01-05T00:00:00Z,3.3336638888888874,2.099,4.227
2025-01-05T00:00:00Z,2025-01-06T00:00:00Z,3.3208161559888554,2.19,4.117
2025-01-06T00:00:00Z,2025-01-07T00:00:00Z,3.320155555555556,2.403,4.143
2025-01-07T00:00:00Z,2025-01-08T00:00:00Z,3.3111388888888884,2.635,4.238
2025-01-08T00:00:00Z,2025-01-09T00:00:00Z,3.3468694444444433,2.557,4.366
2025-01-09T00:00:00Z,2025-01-10T00:00:00Z,3.354180555555557,2.222,4.428
2025-01-10T00:00:00Z,2025-01-11T00:00:00Z,3.386416666666667,2.135,4.649
2025-01-11T00:00:00Z,2025-01-12T00:00:00Z,3.3975444444444443,2.012,4.65
2025-01-12T00:00:00Z,2025-01-13T00:00:00Z,3.406027777777775,1.989,4.672
2025-01-13T00:00:00Z,2025-01-14T00:00:00Z,3.4054138888888876,1.991,4.69
2025-01-14T00:00:00Z,2025-01-15T00:00:00Z,3.3978500000000005,1.956,4.62
2025-01-15T00:00:00Z,2025-01-16T00:00:00Z,3.3857305555555532,1.98,4.565
2025-01-16T00:00:00Z,2025-01-17T00:00:00Z,3.3955555555555543,2.117,4.446
2025-01-17T00:00:00Z,2025-01-18T00:00:00Z,3.3805083333333323,2.187,4.267
2025-01-18T00:00:00Z,2025-01-19T00:00:00Z,3.379838440111421,2.364,4.011
2025-01-19T00:00:00Z,2025-01-20T00:00:00Z,3.356338888888888,2.588,3.887
2025-01-20T00:00:00Z,2025-01-21T00:00:00Z,3.3604750000000023,2.732,3.984
2025-01-21T00:00:00Z,2025-01-22T00:00:00Z,3.351605555555557,2.778,4.099
2025-01-22T00:00:00Z,2025-01-23T00:00:00Z,3.355136111111108,2.809,4.122
2025-01-23T00:00:00Z,2025-01-24T00:00:00Z,3.357813725490196,2.713,4.121
2025-01-24T00:00:00Z,2025-01-25T00:00:00Z,3.3545555555555557,2.532,4.13
2025-01-25T00:00:00Z,2025-01-26T00:00:00Z,3.36406111111111,2.366,4.29
2025-01-26T00:00:00Z,2025-01-27T00:00:00Z,3.3795305555555584,2.252,4.365
2025-01-27T00:00:00Z,2025-01-28T00:00:00Z,3.3805138888888866,2.096,4.465
2025-01-28T00:00:00Z,2025-01-29T00:00:00Z,3.386986111111108,2.082,4.547
2025-01-29T00:00:00Z,2025-01-30T00:00:00Z,3.3783444444444437,2.067,4.588
2025-01-30T00:00:00Z,2025-01-31T00:00:00Z,3.3760666666666697,2.142,4.6
2025-01-31T00:00:00Z,2025-02-01T00:00:00Z,3.36031388888889,2.117,4.458
2025-02-01T00:00:00Z,2025-02-02T00:00:00Z,3.324908333333333,2.199,4.213
2025-02-02T00:00:00Z,2025-02-03T00:00:00Z,3.303807799442898,2.339,4.071
2025-02-03T00:00:00Z,2025-02-04T00:00:00Z,3.2659833333333332,2.363,4.091
2025-02-04T00:00:00Z,2025-02-05T00:00:00Z,3.2609888888888854,2.623,4.178
2025-02-05T00:00:00Z,2025-02-06T00:00:00Z,3.289797222222222,2.639,4.169
2025-02-06T00:00:00Z,2025-02-07T00:00:00Z,3.311416666666667,2.38,4.246
2025-02-07T00:00:00Z,2025-02-08T00:00:00Z,3.3266416666666645,2.254,4.239
2025-02-08T00:00:00Z,2025-02-09T00:00:00Z,3.3156250000000025,1.963,4.304
2025-02-09T00:00:00Z,2025-02-10T00:00:00Z,3.3208500000000023,1.996,4.414
2025-02-10T00:00:00Z,2025-02-11T00:00:00Z,3.315711111111114,1.986,4.46
2025-02-11T00:00:00Z,2025-02-12T00:00:00Z,3.2983138888888877,1.772,4.494
2025-02-12T00:00:00Z,2025-02-13T00:00:00Z,3.2993916666666703,2.053,4.527
2025-02-13T00:00:00Z,2025-02-14T00:00:00Z,3.3106916666666653,2.158,4.346
2025-02-14T00:00:00Z,2025-02-15T00:00:00Z,3.3156194444444447,2.057,4.308
2025-02-15T00:00:00Z,2025-02-16T00:00:00Z,3.288779329608938,1.982,4.3
2025-02-16T00:00:00Z,2025-02-17T00:00:00Z,3.29119722222222,2.208,4.075
2025-02-17T00:00:00Z,2025-02-18T00:00:00Z,3.2821694444444427,2.531,3.964
2025-02-18T00:00:00Z,2025-02-19T00:00:00Z,3.267124999999998,2.625,4.084
2025-02-19T00:00:00Z,2025-02-20T00:00:00Z,3.2655749999999992,2.61,4.106
2025-02-20T00:00:00Z,2025-02-21T00:00:00Z,3.2783972222222233,2.638,3.974
2025-02-21T00:00:00Z,2025-02-22T00:00:00Z,3.2735305555555536,2.546,4.002
2025-02-22T00:00:00Z,2025-02-23T00:00:00Z,3.2954499999999998,2.304,4.013
2025-02-23T00:00:00Z,2025-02-24T00:00:00Z,3.3278888888888893,2.261,4.203
2025-02-24T00:00:00Z,2025-02-25T00:00:00Z,3.301055555555555,2.053,4.313
2025-02-25T00:00:00Z,2025-02-26T00:00:00Z,3.3049277777777775,2.005,4.523
2025-02-26T00:00:00Z,2025-02-27T00:00:00Z,3.3092888888888905,1.694,4.769
2025-02-27T00:00:00Z,2025-02-28T00:00:00Z,3.2965166666666708,1.962,4.628
2025-02-28T00:00:00Z,2025-03-01T00:00:00Z,3.2995833333333326,1.926,4.48
2025-03-01T00:00:00Z,2025-03-02T00:00:00Z,3.304408333333335,1.982,4.449
2025-03-02T00:00:00Z,2025-03-03T00:00:00Z,3.3132305555555583,2.188,4.399
2025-03-03T00:00:00Z,2025-03-04T00:00:00Z,3.300180555555555,1.94,4.645
2025-03-04T00:00:00Z,2025-03-05T00:00:00Z,3.278863888888889,2.249,4.509
2025-03-05T00:00:00Z,2025-03-06T00:00:00Z,3.2883694444444456,2.483,4.307
2025-03-06T00:00:00Z,2025-03-07T00:00:00Z,3.271308333333331,2.378,4.115
2025-03-07T00:00:00Z,2025-03-08T00:00:00Z,3.2547749999999995,2.191,4.092
2025-03-08T00:00:00Z,2025-03-09T00:00:00Z,3.2707416666666678,2.097,4.131
2025-03-09T00:00:00Z,2025-03-10T00:00:00Z,3.2963000000000005,2.142,4.251
2025-03-10T00:00:00Z,2025-03-11T00:00:00Z,3.2997083333333346,2.034,4.296
2025-03-11T00:00:00Z,2025-03-12T00:00:00Z,3.3001249999999995,1.98,4.339
2025-03-12T00:00:00Z,2025-03-13T00:00:00Z,3.3291583333333317,2.144,4.396
2025-03-13T00:00:00Z,2025-03-14T00:00:00Z,3.340544444444442,2.233,4.329
2025-03-14T00:00:00Z,2025-03-15T00:00:00Z,3.328294444444445,2.157,4.457
2025-03-15T00:00:00Z,2025-03-16T00:00:00Z,3.321072222222223,2.284,4.225
2025-03-16T00:00:00Z,2025-03-17T00:00:00Z,3.3354555555555545,2.337,4.294
2025-03-17T00:00:00Z,2025-03-18T00:00:00Z,3.3317000000000014,2.56,4.276
2025-03-18T00:00:00Z,2025-03-19T00:00:00Z,3.2977666666666656,2.225,4.241
2025-03-19T00:00:00Z,2025-03-20T00:00:00Z,3.29668611111111,2.458,4.185
2025-03-20T00:00:00Z,2025-03-21T00:00:00Z,3.3008527777777803,2.611,4.218
2025-03-21T00:00:00Z,2025-03-22T00:00:00Z,3.2820305555555556,2.49,4.105
2025-03-22T00:00:00Z,2025-03-23T00:00:00Z,3.2796277777777787,2.42,4.216
2025-03-23T00:00:00Z,2025-03-24T00:00:00Z,3.3032138888888882,2.37,3.944
2025-03-24T00:00:00Z,2025-03-25T00:00:00Z,3.310302777777776,2.307,4.108
2025-03-25T00:00:00Z,2025-03-26T00:00:00Z,3.3228555555555537,2.201,4.211
2025-03-26T00:00:00Z,2025-03-27T00:00:00Z,3.310230555555553,2.171,4.312
2025-03-27T00:00:00Z,2025-03-28T00:00:00Z,3.150466911764704,2.122,4.189
2025-03-28T00:00:00Z,2025-03-29T00:00:00Z,3.3110361111111093,1.928,4.59
2025-03-29T00:00:00Z,2025-03-30T00:00:00Z,3.284175487465179,1.931,4.439
2025-03-30T00:00:00Z,2025-03-31T00:00:00Z,3.3165638888888926,2.139,4.594
2025-03-31T00:00:00Z,2025-04-01T00:00:00Z,3.282880555555553,2.071,4.514
2025-04-01T00:00:00Z,2025-04-02T00:00:00Z,3.272597222222221,2.003,4.532
2025-04-02T00:00:00Z,2025-04-03T00:00:00Z,3.2383416666666682,1.929,4.648
2025-04-03T00:00:00Z,2025-04-04T00:00:00Z,3.2412749999999977,2.214,4.423
2025-04-04T00:00:00Z,2025-04-05T00:00:00Z,3.240138888888891,2.344,4.099
2025-04-05T00:00:00Z,2025-04-06T00:00:00Z,3.2535972222222225,2.361,3.92
2025-04-06T00:00:00Z,2025-04-07T00:00:00Z,3.2822027777777794,2.393,3.879
2025-04-07T00:00:00Z,2025-04-08T00:00:00Z,3.29045277777778,2.187,4.027
2025-04-08T00:00:00Z,2025-04-09T00:00:00Z,3.2833166666666678,2.272,4.184
2025-04-09T00:00:00Z,2025-04-10T00:00:00Z,3.264838888888887,2.278,4.249
2025-04-10T00:00:00Z,2025-04-11T00:00:00Z,3.2783027777777756,2.363,4.128
2025-04-11T00:00:00Z,2025-04-12T00:00:00Z,3.2964261838440083,2.556,4.185
2025-04-12T00:00:00Z,2025-04-13T00:00:00Z,3.3060194444444444,2.407,4.257
2025-04-13T00:00:00Z,2025-04-14T00:00:00Z,3.293292479108636,2.176,4.231
2025-04-14T00:00:00Z,2025-04-15T00:00:00Z,3.3114083333333344,2.325,4.287
2025-04-15T00:00:00Z,2025-04-16T00:00:00Z,3.3129750000000002,2.41,4.28
2025-04-16T00:00:00Z,2025-04-17T00:00:00Z,3.3214916666666663,2.432,4.22
2025-04-17T00:00:00Z,2025-04-18T00:00:00Z,3.3193527777777767,2.481,4.193
2025-04-18T00:00:00Z,2025-04-19T00:00:00Z,3.3215147540983603,2.591,4.19
2025-04-19T00:00:00Z,2025-04-20T00:00:00Z,3.320133333333331,2.643,4.042
2025-04-20T00:00:00Z,2025-04-21T00:00:00Z,3.3149972144846793,2.542,3.916
2025-04-21T00:00:00Z,2025-04-22T00:00:00Z,3.311022222222223,2.424,3.88
2025-04-22T00:00:00Z,2025-04-23T00:00:00Z,3.2892833333333367,2.388,3.899
2025-04-23T00:00:00Z,2025-04-24T00:00:00Z,3.282930555555556,2.296,3.997
2025-04-24T00:00:00Z,2025-04-25T00:00:00Z,3.293324999999998,2.368,4.079
2025-04-25T00:00:00Z,2025-04-26T00:00:00Z,3.3087444444444434,2.426,4.245
2025-04-26T00:00:00Z,2025-04-27T00:00:00Z,3.3324638888888876,2.337,4.374
2025-04-27T00:00:00Z,2025-04-28T00:00:00Z,3.3317111111111126,2.123,4.534
2025-04-28T00:00:00Z,2025-04-29T00:00:00Z,3.334988888888891,2.004,4.692
2025-04-29T00:00:00Z,2025-04-30T00:00:00Z,3.3633323262839903,1.993,4.73
2025-04-30T00:00:00Z,2025-05-01T00:00:00Z,3.3341271186440684,2.083,4.623
2025-05-01T00:00:00Z,2025-05-02T00:00:00Z,3.3259861111111073,2.103,4.452
2025-05-02T00:00:00Z,2025-05-03T00:00:00Z,3.318127777777776,2.312,4.254
2025-05-03T00:00:00Z,2025-05-04T00:00:00Z,3.3233333333333355,2.403,4.085
2025-05-04T00:00:00Z,2025-05-05T00:00:00Z,3.342055555555555,1.94,4.104
2025-05-05T00:00:00Z,2025-05-06T00:00:00Z,3.357872222222222,2.439,4.157
2025-05-06T00:00:00Z,2025-05-07T00:00:00Z,3.3893805555555514,2.557,4.261
2025-05-07T00:00:00Z,2025-05-08T00:00:00Z,3.3979555555555554,2.64,4.227
2025-05-08T00:00:00Z,2025-05-09T00:00:00Z,3.3864,2.745,4.128
2025-05-09T00:00:00Z,2025-05-10T00:00:00Z,3.3658666666666655,2.612,4.227
2025-05-10T00:00:00Z,2025-05-11T00:00:00Z,3.352969444444444,2.435,4.268
2025-05-11T00:00:00Z,2025-05-12T00:00:00Z,3.349100000000001,2.33,4.356
2025-05-12T00:00:00Z,2025-05-13T00:00:00Z,3.3523722222222223,2.296,4.379
2025-05-13T00:00:00Z,2025-05-14T00:00:00Z,3.34908611111111,2.252,4.352
2025-05-14T00:00:00Z,2025-05-15T00:00:00Z,3.3325194444444435,2.154,4.482
2025-05-15T00:00:00Z,2025-05-16T00:00:00Z,3.2930304878048746,2.178,4.495
2025-05-16T00:00:00Z,2025-05-17T00:00:00Z,3.304705167173252,2.273,4.364
2025-05-17T00:00:00Z,2025-05-18T00:00:00Z,3.330363888888887,2.319,4.27
2025-05-18T00:00:00Z,2025-05-19T00:00:00Z,3.316755555555557,2.354,4.08
2025-05-19T00:00:00Z,2025-05-20T00:00:00Z,3.3302277777777753,2.424,4.052
2025-05-20T00:00:00Z,2025-05-21T00:00:00Z,3.4674602076124583,2.589,3.949
2025-05-21T00:00:00Z,2025-05-22T00:00:00Z,3.2903638888888893,2.352,3.921
2025-05-22T00:00:00Z,2025-05-23T00:00:00Z,3.2927527777777774,2.446,4.083
2025-05-23T00:00:00Z,2025-05-24T00:00:00Z,3.31379722222222,2.546,4.252
2025-05-24T00:00:00Z,2025-05-25T00:00:00Z,3.3154237288135597,2.324,4.365
2025-05-25T00:00:00Z,2025-05-26T00:00:00Z,3.306402266288954,2.121,4.487
2025-05-26T00:00:00Z,2025-05-27T00:00:00Z,3.3210252100840347,1.941,4.768
2025-05-27T00:00:00Z,2025-05-28T00:00:00Z,3.327715083798884,1.893,4.688
2025-05-28T00:00:00Z,2025-05-29T00:00:00Z,3.3303916666666673,1.86,4.771
2025-05-29T00:00:00Z,2025-05-30T00:00:00Z,3.3192408963585396,1.97,4.588
2025-05-30T00:00:00Z,2025-05-31T00:00:00Z,3.3171472222222227,1.911,4.391
2025-05-31T00:00:00Z,2025-06-01T00:00:00Z,3.2771125,2.187,4.253
2025-06-01T00:00:00Z,2025-06-02T00:00:00Z,,,
2025-06-02T00:00:00Z,2025-06-03T00:00:00Z,3.332524390243902,2.634,3.829
2025-06-03T00:00:00Z,2025-06-04T00:00:00Z,3.3024555555555577,2.492,3.863
2025-06-04T00:00:00Z,2025-06-05T00:00:00Z,3.296174999999999,2.704,3.936
2025-06-05T00:00:00Z,2025-06-06T00:00:00Z,3.307502777777777,2.79,3.997
2025-06-06T00:00:00Z,2025-06-07T00:00:00Z,3.3194027777777775,2.655,4.097
2025-06-07T00:00:00Z,2025-06-08T00:00:00Z,3.335302777777779,2.505,4.251
2025-06-08T00:00:00Z,2025-06-09T00:00:00Z,4.029219512195121,3.725,4.257
2025-06-09T00:00:00Z,2025-06-10T00:00:00Z,3.40668,3.175,3.581
2025-06-10T00:00:00Z,2025-06-11T00:00:00Z,3.3204194444444446,2.251,4.377
2025-06-11T00:00:00Z,2025-06-12T00:00:00Z,3.3371750000000002,2.223,4.388
2025-06-12T00:00:00Z,2025-06-13T00:00:00Z,3.35151388888889,2.177,4.452
2025-06-13T00:00:00Z,2025-06-14T00:00:00Z,3.3504750000000008,2.129,4.415
2025-06-14T00:00:00Z,2025-06-15T00:00:00Z,3.350105555555554,2.212,4.45
2025-06-15T00:00:00Z,2025-06-16T00:00:00Z,3.3510833333333356,2.213,4.308
2025-06-16T00:00:00Z,2025-06-17T00:00:00Z,3.3659222222222227,2.344,4.195
2025-06-17T00:00:00Z,2025-06-18T00:00:00Z,3.3552895522388098,2.398,4.048
2025-06-18T00:00:00Z,2025-06-19T00:00:00Z,3.3636861111111114,2.568,4.074
2025-06-19T00:00:00Z,2025-06-20T00:00:00Z,3.375327777777776,2.685,4.14
2025-06-20T00:00:00Z,2025-06-21T00:00:00Z,3.3747249999999998,2.724,4.286
2025-06-21T00:00:00Z,2025-06-22T00:00:00Z,3.3713472222222225,2.448,4.41
2025-06-22T00:00:00Z,2025-06-23T00:00:00Z,3.3787777777777794,2.276,4.626
2025-06-23T00:00:00Z,2025-06-24T00:00:00Z,3.3715944444444417,1.951,4.807
2025-06-24T00:00:00Z,2025-06-25T00:00:00Z,3.390955555555555,2.037,4.8
2025-06-25T00:00:00Z,2025-06-26T00:00:00Z,3.3998361111111106,2.033,4.754
2025-06-26T00:00:00Z,2025-06-27T00:00:00Z,3.3978567415730296,2.036,4.679
2025-06-27T00:00:00Z,2025-06-28T00:00:00Z,3.4192555555555564,2.068,4.712
2025-06-28T00:00:00Z,2025-06-29T00:00:00Z,3.434941666666668,2.232,4.527
2025-06-29T00:00:00Z,2025-06-30T00:00:00Z,3.4234138888888874,2.392,4.291
2025-06-30T00:00:00Z,2025-07-01T00:00:00Z,3.4062972222222205,2.527,4.067
2025-07-01T00:00:00Z,2025-07-02T00:00:00Z,3.394627777777781,2.724,3.909
2025-07-02T00:00:00Z,2025-07-03T00:00:00Z,3.3947527777777755,2.868,3.985
2025-07-03T00:00:00Z,2025-07-04T00:00:00Z,3.39916388888889,3.017,4.074
2025-07-04T00:00:00Z,2025-07-05T00:00:00Z,3.4023888888888867,2.886,4.148
2025-07-05T00:00:00Z,2025-07-06T00:00:00Z,3.4032932960893816,2.727,4.146
2025-07-06T00:00:00Z,2025-07-07T00:00:00Z,3.3926916666666678,2.582,4.186
2025-07-07T00:00:00Z,2025-07-08T00:00:00Z,3.3876611111111137,2.422,4.286
2025-07-08T00:00:00Z,2025-07-09T00:00:00Z,3.3936805555555565,2.413,4.304
2025-07-09T00:00:00Z,2025-07-10T00:00:00Z,3.3840027777777766,2.309,4.412
2025-07-10T00:00:00Z,2025-07-11T00:00:00Z,3.3815333333333353,2.202,4.433
2025-07-11T00:00:00Z,2025-07-12T00:00:00Z,3.407675000000001,2.211,4.479
2025-07-12T00:00:00Z,2025-07-13T00:00:00Z,3.426452777777778,2.258,4.489
2025-07-13T00:00:00Z,2025-07-14T00:00:00Z,3.429969444444448,2.265,4.454
2025-07-14T00:00:00Z,2025-07-15T00:00:00Z,3.4450249999999984,2.369,4.368
2025-07-15T00:00:00Z,2025-07-16T00:00:00Z,3.456166666666665,2.535,4.186
2025-07-16T00:00:00Z,2025-07-17T00:00:00Z,3.463116666666664,2.677,4.068
2025-07-17T00:00:00Z,2025-07-18T00:00:00Z,3.4417472222222227,2.829,4.171
2025-07-18T00:00:00Z,2025-07-19T00:00:00Z,3.4334333333333316,2.922,4.289
2025-07-19T00:00:00Z,2025-07-20T00:00:00Z,3.4391130434782613,2.775,4.36
2025-07-20T00:00:00Z,2025-07-21T00:00:00Z,3.443616666666669,2.571,4.431
2025-07-21T00:00:00Z,2025-07-22T00:00:00Z,3.43505833333333,2.375,4.521
2025-07-22T00:00:00Z,2025-07-23T00:00:00Z,3.426825000000002,2.231,4.562
2025-07-23T00:00:00Z,2025-07-24T00:00:00Z,3.428325000000001,2.114,4.654
2025-07-24T00:00:00Z,2025-07-25T00:00:00Z,3.4379749999999993,2.073,4.694
2025-07-25T00:00:00Z,2025-07-26T00:00:00Z,3.4321583333333328,2.121,4.632
2025-07-26T00:00:00Z,2025-07-27T00:00:00Z,3.420138888888887,2.232,4.552
2025-07-27T00:00:00Z,2025-07-28T00:00:00Z,3.4129444444444434,2.311,4.357
2025-07-28T00:00:00Z,2025-07-29T00:00:00Z,3.409044444444443,2.536,4.165
2025-07-29T00:00:00Z,2025-07-30T00:00:00Z,3.3945888888888884,2.677,3.947
2025-07-30T00:00:00Z,2025-07-31T00:00:00Z,3.379669444444446,2.784,4.047
2025-07-31T00:00:00Z,2025-08-01T00:00:00Z,3.3788027777777767,2.897,3.971
2025-08-01T00:00:00Z,2025-08-02T00:00:00Z,3.3882166666666667,3.017,4.024
2025-08-02T00:00:00Z,2025-08-03T00:00:00Z,3.4005792507204657,2.928,4.027
2025-08-03T00:00:00Z,2025-08-04T00:00:00Z,3.3904944444444465,2.771,4.126
2025-08-04T00:00:00Z,2025-08-05T00:00:00Z,3.382655555555555,2.58,4.106
2025-08-05T00:00:00Z,2025-08-06T00:00:00Z,3.388230555555556,2.432,4.223
2025-08-06T00:00:00Z,2025-08-07T00:00:00Z,3.4069277777777796,2.393,4.317
2025-08-07T00:00:00Z,2025-08-08T00:00:00Z,3.431616666666665,2.311,4.41
2025-08-08T00:00:00Z,2025-08-09T00:00:00Z,3.4246555555555536,2.254,4.581
2025-08-09T00:00:00Z,2025-08-10T00:00:00Z,3.418952777777774,2.205,4.584
2025-08-10T00:00:00Z,2025-08-11T00:00:00Z,3.4363638888888923,2.285,4.569
2025-08-11T00:00:00Z,2025-08-12T00:00:00Z,3.462019444444442,2.294,4.576
2025-08-12T00:00:00Z,2025-08-13T00:00:00Z,3.504277439024391,2.467,4.412
2025-08-13T00:00:00Z,2025-08-14T00:00:00Z,3.504938888888884,2.615,4.323
2025-08-14T00:00:00Z,2025-08-15T00:00:00Z,3.495375000000002,2.874,4.347
2025-08-15T00:00:00Z,2025-08-16T00:00:00Z,3.485,2.873,4.442
2025-08-16T00:00:00Z,2025-08-17T00:00:00Z,3.481422222222223,2.805,4.334
2025-08-17T00:00:00Z,2025-08-18T00:00:00Z,3.438256024096386,2.642,4.394
2025-08-18T00:00:00Z,2025-08-19T00:00:00Z,3.4271777777777754,2.496,4.304
2025-08-19T00:00:00Z,2025-08-20T00:00:00Z,3.4320083333333327,2.324,4.465
2025-08-20T00:00:00Z,2025-08-21T00:00:00Z,3.4356833333333325,2.232,4.534
2025-08-21T00:00:00Z,2025-08-22T00:00:00Z,3.436422222222226,2.201,4.545
2025-08-22T00:00:00Z,2025-08-23T00:00:00Z,3.4493722222222245,2.208,4.62
2025-08-23T00:00:00Z,2025-08-24T00:00:00Z,3.459794444444442,2.291,4.574
2025-08-24T00:00:00Z,2025-08-25T00:00:00Z,3.454844444444446,2.426,4.433
2025-08-25T00:00:00Z,2025-08-26T00:00:00Z,3.457149999999997,2.575,4.256
2025-08-26T00:00:00Z,2025-08-27T00:00:00Z,3.4616111111111136,2.672,4.097
2025-08-27T00:00:00Z,2025-08-28T00:00:00Z,3.4601888888888865,2.903,4.096
2025-08-28T00:00:00Z,2025-08-29T00:00:00Z,3.479083333333331,2.967,4.146
2025-08-29T00:00:00Z,2025-08-30T00:00:00Z,3.473927777777777,2.989,4.062
2025-08-30T00:00:00Z,2025-08-31T00:00:00Z,3.462391176470586,2.987,4.024
2025-08-31T00:00:00Z,2025-09-01T00:00:00Z,3.4636583333333344,2.936,4.074
2025-09-01T00:00:00Z,2025-09-02T00:00:00Z,3.4488527777777773,2.782,4.026
2025-09-02T00:00:00Z,2025-09-03T00:00:00Z,3.435411111111112,2.652,4.052
2025-09-03T00:00:00Z,2025-09-04T00:00:00Z,3.418530555555555,2.439,4.142
2025-09-04T00:00:00Z,2025-09-05T00:00:00Z,3.4095222222222223,2.432,4.258
2025-09-05T00:00:00Z,2025-09-06T00:00:00Z,3.3991111111111127,2.313,4.362
2025-09-06T00:00:00Z,2025-09-07T00:00:00Z,3.4155777777777803,2.282,4.565
2025-09-07T00:00:00Z,2025-09-08T00:00:00Z,3.445733333333334,2.337,4.512
2025-09-08T00:00:00Z,2025-09-09T00:00:00Z,3.4804972222222217,2.434,4.515
2025-09-09T00:00:00Z,2025-09-10T00:00:00Z,3.492213888888886,2.51,4.382
2025-09-10T00:00:00Z,2025-09-11T00:00:00Z,3.4847527777777776,2.623,4.424
2025-09-11T00:00:00Z,2025-09-12T00:00:00Z,3.4512805555555532,2.564,4.406
2025-09-12T00:00:00Z,2025-09-13T00:00:00Z,3.4346083333333355,2.592,4.349
2025-09-13T00:00:00Z,2025-09-14T00:00:00Z,3.4210611111111096,2.624,4.266
2025-09-14T00:00:00Z,2025-09-15T00:00:00Z,3.388018126888219,2.486,4.193
2025-09-15T00:00:00Z,2025-09-16T00:00:00Z,3.3889861111111115,2.378,4.281
2025-09-16T00:00:00Z,2025-09-17T00:00:00Z,3.3991277777777755,2.426,4.222
2025-09-17T00:00:00Z,2025-09-18T00:00:00Z,3.4057527777777774,2.372,4.31
2025-09-18T00:00:00Z,2025-09-19T00:00:00Z,3.4047583333333344,2.334,4.343
2025-09-19T00:00:00Z,2025-09-20T00:00:00Z,3.4379027777777798,2.338,4.441
2025-09-20T00:00:00Z,2025-09-21T00:00:00Z,3.469030555555556,2.44,4.478
2025-09-21T00:00:00Z,2025-09-22T00:00:00Z,3.478425000000002,2.592,4.368
2025-09-22T00:00:00Z,2025-09-23T00:00:00Z,3.461424999999999,2.664,4.249
2025-09-23T00:00:00Z,2025-09-24T00:00:00Z,3.4561888888888883,2.657,4.277
2025-09-24T00:00:00Z,2025-09-25T00:00:00Z,3.4685499999999974,2.687,4.308
2025-09-25T00:00:00Z,2025-09-26T00:00:00Z,3.487700000000002,2.709,4.242
2025-09-26T00:00:00Z,2025-09-27T00:00:00Z,3.4829555555555545,2.705,4.298
2025-09-27T00:00:00Z,2025-09-28T00:00:00Z,3.4642888888888894,2.731,4.222
2025-09-28T00:00:00Z,2025-09-29T00:00:00Z,3.4548083333333333,2.803,4.364
2025-09-29T00:00:00Z,2025-09-30T00:00:00Z,3.4787583081571007,2.753,4.223
2025-09-30T00:00:00Z,2025-10-01T00:00:00Z,3.448808333333333,2.535,4.162
2025-10-01T00:00:00Z,2025-10-02T00:00:00Z,3.4272611111111106,2.419,4.028
2025-10-02T00:00:00Z,2025-10-03T00:00:00Z,3.4095166666666663,2.486,4.154
2025-10-03T00:00:00Z,2025-10-04T00:00:00Z,3.3943861111111118,2.394,4.215
2025-10-04T00:00:00Z,2025-10-05T00:00:00Z,3.371466666666669,2.346,4.403
2025-10-05T00:00:00Z,2025-10-06T00:00:00Z,3.3979527777777783,2.331,4.395
2025-10-06T00:00:00Z,2025-10-07T00:00:00Z,3.433205555555551,2.438,4.443
2025-10-07T00:00:00Z,2025-10-08T00:00:00Z,3.4758805555555536,2.356,4.542
2025-10-08T00:00:00Z,2025-10-09T00:00:00Z,3.4828333333333337,2.28,4.696
2025-10-09T00:00:00Z,2025-10-10T00:00:00Z,3.4646666666666697,2.283,4.651
2025-10-10T00:00:00Z,2025-10-11T00:00:00Z,3.4393899721448444,2.234,4.655
2025-10-11T00:00:00Z,2025-10-12T00:00:00Z,3.405341666666665,2.264,4.435
2025-10-12T00:00:00Z,2025-10-13T00:00:00Z,3.4357337662337675,2.437,4.242
2025-10-13T00:00:00Z,2025-10-14T00:00:00Z,3.4207305555555574,2.323,4.387
2025-10-14T00:00:00Z,2025-10-15T00:00:00Z,3.3925870307167236,2.518,4.191
2025-10-15T00:00:00Z,2025-10-16T00:00:00Z,3.428102777777777,2.542,4.205
2025-10-16T00:00:00Z,2025-10-17T00:00:00Z,3.4083416666666664,2.367,4.173
2025-10-17T00:00:00Z,2025-10-18T00:00:00Z,3.4042138888888878,2.526,4.193
2025-10-18T00:00:00Z,2025-10-19T00:00:00Z,3.406966666666669,2.593,4.194
2025-10-19T00:00:00Z,2025-10-20T00:00:00Z,3.4095499999999985,2.451,4.353
2025-10-20T00:00:00Z,2025-10-21T00:00:00Z,3.4210055555555567,2.443,4.387
2025-10-21T00:00:00Z,2025-10-22T00:00:00Z,3.4257472222222227,2.226,4.712
2025-10-22T00:00:00Z,2025-10-23T00:00:00Z,3.4585111111111124,2.284,4.656
2025-10-23T00:00:00Z,2025-10-24T00:00:00Z,3.4423361111111124,2.431,4.55
2025-10-24T00:00:00Z,2025-10-25T00:00:00Z,3.449219444444445,2.432,4.39
2025-10-25T00:00:00Z,2025-10-26T00:00:00Z,3.428338888888889,2.277,4.44
2025-10-26T00:00:00Z,2025-10-27T00:00:00Z,3.4134958217270186,2.462,4.342
2025-10-27T00:00:00Z,2025-10-28T00:00:00Z,3.3886444444444463,2.392,4.365
2025-10-28T00:00:00Z,2025-10-29T00:00:00Z,3.4048222222222213,2.413,4.268
2025-10-29T00:00:00Z,2025-10-30T00:00:00Z,3.3723361111111143,2.393,3.897
2025-10-30T00:00:00Z,2025-10-31T00:00:00Z,3.3824583333333345,2.554,3.913
2025-10-31T00:00:00Z,2025-11-01T00:00:00Z,3.399691666666667,2.609,4.127
2025-11-01T00:00:00Z,2025-11-02T00:00:00Z,3.3925194444444418,2.448,4.259
2025-11-02T00:00:00Z,2025-11-03T00:00:00Z,3.3920972222222194,2.589,4.498
2025-11-03T00:00:00Z,2025-11-04T00:00:00Z,3.413583333333329,2.359,4.593
2025-11-04T00:00:00Z,2025-11-05T00:00:00Z,3.434983333333329,2.102,4.737
2025-11-05T00:00:00Z,2025-11-06T00:00:00Z,3.4500444444444422,2.022,4.953
2025-11-06T00:00:00Z,2025-11-07T00:00:00Z,3.4637888888888875,1.856,4.982
2025-11-07T00:00:00Z,2025-11-08T00:00:00Z,3.4630250000000022,1.904,5.03
2025-11-08T00:00:00Z,2025-11-09T00:00:00Z,3.4228333333333327,1.876,4.764
2025-11-09T00:00:00Z,2025-11-10T00:00:00Z,3.4143527777777773,2.027,4.46
2025-11-10T00:00:00Z,2025-11-11T00:00:00Z,3.4050055555555527,2.108,4.219
2025-11-11T00:00:00Z,2025-11-12T00:00:00Z,3.417691666666668,2.509,4.171
2025-11-12T00:00:00Z,2025-11-13T00:00:00Z,3.399216666666665,2.446,4.102
2025-11-13T00:00:00Z,2025-11-14T00:00:00Z,3.389308333333332,2.522,4.1
2025-11-14T00:00:00Z,2025-11-15T00:00:00Z,3.397311111111113,2.693,4.195
2025-11-15T00:00:00Z,2025-11-16T00:00:00Z,3.4360805555555602,2.239,4.408
2025-11-16T00:00:00Z,2025-11-17T00:00:00Z,3.46645277777778,2.653,4.397
2025-11-17T00:00:00Z,2025-11-18T00:00:00Z,3.4864972222222192,2.509,4.53
2025-11-18T00:00:00Z,2025-11-19T00:00:00Z,3.485711111111113,2.256,4.608
2025-11-19T00:00:00Z,2025-11-20T00:00:00Z,3.503552777777778,2.322,4.486
2025-11-20T00:00:00Z,2025-11-21T00:00:00Z,3.513688888888891,2.362,4.523
2025-11-21T00:00:00Z,2025-11-22T00:00:00Z,3.5116611111111116,2.188,4.594
2025-11-22T00:00:00Z,2025-11-23T00:00:00Z,3.5121277777777706,2.286,4.681
2025-11-23T00:00:00Z,2025-11-24T00:00:00Z,3.4972402234636837,2.375,4.58
2025-11-24T00:00:00Z,2025-11-25T00:00:00Z,3.489019444444442,2.309,4.492
2025-11-25T00:00:00Z,2025-11-26T00:00:00Z,3.490702777777775,2.362,4.373
2025-11-26T00:00:00Z,2025-11-27T00:00:00Z,3.459897222222223,2.551,4.163
2025-11-27T00:00:00Z,2025-11-28T00:00:00Z,3.4718361111111116,2.622,3.935
2025-11-28T00:00:00Z,2025-11-29T00:00:00Z,3.4515361111111096,2.754,3.975
2025-11-29T00:00:00Z,2025-11-30T00:00:00Z,3.449652777777776,2.78,4.177
2025-11-30T00:00:00Z,2025-12-01T00:00:00Z,3.4525638888888865,2.828,4.255
2025-12-01T00:00:00Z,2025-12-02T00:00:00Z,3.4832138888888875,2.494,4.535
2025-12-02T00:00:00Z,2025-12-03T00:00:00Z,3.5023972222222244,2.279,4.701
2025-12-03T00:00:00Z,2025-12-04T00:00:00Z,3.5160694444444447,2.114,5.01
2025-12-04T00:00:00Z,2025-12-05T00:00:00Z,3.5175222222222198,1.946,5.002
2025-12-05T00:00:00Z,2025-12-06T00:00:00Z,3.5200222222222224,1.931,4.943
2025-12-06T00:00:00Z,2025-12-07T00:00:00Z,3.4949722222222217,1.979,4.792
2025-12-07T00:00:00Z,2025-12-08T00:00:00Z,3.475380555555556,2.06,4.66
2025-12-08T00:00:00Z,2025-12-09T00:00:00Z,3.24212749003984,2.14,4.154
2025-12-09T00:00:00Z,2025-12-10T00:00:00Z,,,
2025-12-10T00:00:00Z,2025-12-11T00:00:00Z,3.6482173913043483,3.407,3.885
2025-12-11T00:00:00Z,2025-12-12T00:00:00Z,3.404761111111111,2.53,3.967
2025-12-12T00:00:00Z,2025-12-13T00:00:00Z,3.4144138888888884,2.675,4.225
2025-12-13T00:00:00Z,2025-12-14T00:00:00Z,3.416619444444446,2.772,4.245
2025-12-14T00:00:00Z,2025-12-15T00:00:00Z,3.442063888888891,2.781,4.228
2025-12-15T00:00:00Z,2025-12-16T00:00:00Z,3.4342611111111108,2.613,4.3
2025-12-16T00:00:00Z,2025-12-17T00:00:00Z,3.4370638888888885,2.489,4.354
2025-12-17T00:00:00Z,2025-12-18T00:00:00Z,3.4455750000000016,2.29,4.387
2025-12-18T00:00:00Z,2025-12-19T00:00:00Z,3.4473361111111154,2.142,4.561
2025-12-19T00:00:00Z,2025-12-20T00:00:00Z,3.441280555555558,2.212,4.616
2025-12-20T00:00:00Z,2025-12-21T00:00:00Z,3.4340361111111117,2.243,4.486
2025-12-21T00:00:00Z,2025-12-22T00:00:00Z,3.442766666666668,2.222,4.613
2025-12-22T00:00:00Z,2025-12-23T00:00:00Z,3.4395333333333307,2.279,4.463
2025-12-23T00:00:00Z,2025-12-24T00:00:00Z,3.433047222222219,2.211,4.369
2025-12-24T00:00:00Z,2025-12-25T00:00:00Z,3.463694444444445,2.465,4.279
2025-12-25T00:00:00Z,2025-12-26T00:00:00Z,3.4611749999999986,2.379,4.174
2025-12-26T00:00:00Z,2025-12-27T00:00:00Z,3.433502777777777,2.465,4.102
2025-12-27T00:00:00Z,2025-12-28T00:00:00Z,3.4169083333333314,2.345,4.308
2025-12-28T00:00:00Z,2025-12-29T00:00:00Z,3.410650000000001,2.716,4.353
2025-12-29T00:00:00Z,2025-12-30T00:00:00Z,3.3982361111111072,2.657,4.286
2025-12-30T00:00:00Z,2025-12-31T00:00:00Z,3.399822222222222,2.439,4.402
2025-12-31T00:00:00Z,2026-01-01T00:00:00Z,3.423219444444445,2.236,4.535
2026-01-01T00:00:00Z,2026-01-02T00:00:00Z,3.449380555555556,2.035,4.684
2026-01-02T00:00:00Z,2026-01-03T00:00:00Z,3.472386111111113,1.942,4.876
2026-01-03T00:00:00Z,2026-01-04T00:00:00Z,3.4959472222222203,1.927,4.856
2026-01-04T00:00:00Z,2026-01-05T00:00:00Z,3.504728291316525,1.944,5.005